{"stats":{"minecraft:killed_by":{"minecraft:player":1},"minecraft:dropped":{"project_:custom_leggings":1,"project_:custom_boots":1,"project_:custom_chestplate":1,"project_:custom_helmet":1,"minecraft:netherite_sword":1},"minecraft:custom":{"minecraft:time_since_rest":198319,"minecraft:crouch_one_cm":15821,"minecraft:sprint_one_cm":632029,"minecraft:play_time":203204,"minecraft:damage_taken":254,"minecraft:deaths":1,"minecraft:walk_one_cm":487323,"minecraft:sneak_time":4444,"minecraft:drop":5,"minecraft:jump":262,"minecraft:damage_dealt":733,"minecraft:leave_game":15,"minecraft:time_since_death":197734,"minecraft:climb_one_cm":458,"minecraft:total_world_time":203204,"minecraft:fly_one_cm":1295901,"minecraft:player_kills":3},"minecraft:used":{"minecraft:netherite_sword":8,"minecraft:glass":12,"project_:winning":4,"minecraft:grass_block":1,"minecraft:white_stained_glass":1457,"minecraft:yellow_concrete":10,"minecraft:white_concrete":22,"minecraft:hopper_minecart":1},"minecraft:picked_up":{"project_:custom_helmet":3,"minecraft:netherite_sword":1,"project_:tagg":1,"project_:custom_leggings":3,"project_:custom_boots":3,"project_:custom_chestplate":4}},"DataVersion":3120}