{"stats":{"minecraft:killed":{"minecraft:pillager":3},"minecraft:picked_up":{"minecraft:repeater":2,"minecraft:detector_rail":2,"minecraft:powered_rail":2,"minecraft:stick":38,"project_:rising":1,"project_:winning":1,"minecraft:redstone":6,"minecraft:cactus":27,"project_:custom_boots":1,"minecraft:rail":23},"minecraft:dropped":{"project_:custom_boots":1,"project_:winning":1,"project_:rising":1},"minecraft:used":{"minecraft:oak_trapdoor":30,"minecraft:purpur_block":1,"project_:startlava":8,"minecraft:water_bucket":1,"minecraft:warped_stem":1,"project_:lightoutblock":1,"minecraft:amethyst_block":1,"minecraft:pink_glazed_terracotta":1,"minecraft:light_blue_glazed_terracotta":8,"minecraft:sandstone_stairs":1,"minecraft:spruce_door":1,"minecraft:orange_concrete":26,"minecraft:birch_planks":1,"minecraft:red_concrete":1,"minecraft:redstone":732,"minecraft:powered_rail":14,"minecraft:prismarine":1,"minecraft:blackstone":1,"minecraft:tinted_glass":2,"minecraft:purple_glazed_terracotta":1,"minecraft:brown_concrete":30,"minecraft:black_glazed_terracotta":8,"minecraft:redstone_block":14,"project_:kingofhillblock":1,"minecraft:stripped_birch_wood":361,"minecraft:red_glazed_terracotta":1,"project_:finishlight":744,"minecraft:white_wool":1,"minecraft:green_glazed_terracotta":1,"project_:glassbridgeblock":1,"minecraft:pink_concrete":3,"project_:winning":4,"project_:tagblock":1,"minecraft:sand":11,"minecraft:rail":129,"minecraft:comparator":4,"project_:walk":133,"minecraft:light_blue_concrete":367,"minecraft:cyan_glazed_terracotta":4,"minecraft:crafting_table":1,"minecraft:blue_stained_glass":1,"minecraft:orange_glazed_terracotta":1,"minecraft:yellow_concrete":8,"project_:rising":2029,"minecraft:light_gray_glazed_terracotta":1,"minecraft:brown_glazed_terracotta":1,"minecraft:infested_stone_bricks":4,"minecraft:blue_concrete":23,"minecraft:redstone_torch":3,"minecraft:glass":21,"minecraft:blue_glazed_terracotta":1,"minecraft:black_concrete":37,"project_:redlight":10,"minecraft:light_gray_concrete":1,"minecraft:command_block":1,"minecraft:warped_hyphae":1,"minecraft:yellow_stained_glass":2,"minecraft:grass_block":21,"minecraft:slime_block":2,"minecraft:quartz_block":38,"minecraft:detector_rail":41,"minecraft:white_glazed_terracotta":306,"minecraft:magenta_concrete":1,"project_:risinglavablock":2,"minecraft:hopper_minecart":3,"minecraft:crimson_planks":1,"minecraft:stone_bricks":6,"project_:point":81,"project_:greenlight":1,"minecraft:deepslate_diamond_ore":1,"minecraft:diamond_sword":20,"minecraft:coal_block":1,"minecraft:repeater":208,"minecraft:redstone_lamp":1,"project_:light":80,"minecraft:gray_glazed_terracotta":1,"minecraft:yellow_glazed_terracotta":1,"minecraft:stripped_oak_wood":377,"minecraft:white_stained_glass":30,"minecraft:bucket":53,"minecraft:minecart":1,"minecraft:gold_block":7,"project_:invi_bucket":23,"project_:start":4,"project_:parkourblock":1,"minecraft:white_concrete":357,"minecraft:pillager_spawn_egg":41,"minecraft:lime_glazed_terracotta":1},"minecraft:custom":{"minecraft:mob_kills":8,"minecraft:interact_with_crafting_table":1,"minecraft:leave_game":116,"minecraft:time_since_death":413202,"minecraft:climb_one_cm":4561,"minecraft:time_since_rest":415010,"minecraft:sprint_one_cm":234702,"minecraft:damage_taken":100,"minecraft:walk_one_cm":1446567,"minecraft:drop":3,"minecraft:minecart_one_cm":359,"minecraft:damage_dealt":1411,"minecraft:fly_one_cm":4390707,"minecraft:crouch_one_cm":457,"minecraft:play_time":552651,"minecraft:sneak_time":904,"minecraft:deaths":1,"minecraft:walk_under_water_one_cm":1280,"minecraft:jump":1652,"minecraft:walk_on_water_one_cm":1189,"minecraft:total_world_time":612528,"minecraft:fall_one_cm":2671}},"DataVersion":3120}