{"stats":{"minecraft:used":{"project_:custom_chestplate":1,"project_:custom_helmet":1,"project_:custom_leggings":1,"project_:custom_boots":1},"minecraft:picked_up":{"project_:custom_helmet":1,"project_:custom_leggings":1,"project_:custom_boots":1,"project_:custom_chestplate":1},"minecraft:custom":{"minecraft:jump":50,"minecraft:time_since_rest":55791,"minecraft:damage_taken":410,"minecraft:leave_game":3,"minecraft:time_since_death":51456,"minecraft:play_time":57691,"minecraft:sprint_one_cm":13278,"minecraft:walk_one_cm":30891,"minecraft:deaths":1,"minecraft:sneak_time":90,"minecraft:total_world_time":57691,"minecraft:fall_one_cm":4603,"minecraft:fly_one_cm":43561}},"DataVersion":3120}