{"stats":{"minecraft:dropped":{"minecraft:light_blue_concrete":1},"minecraft:used":{"minecraft:redstone_torch":1,"project_:winning":1,"minecraft:black_concrete":1,"minecraft:repeater":5,"minecraft:dirt":5,"minecraft:light_blue_concrete":2,"minecraft:cyan_glazed_terracotta":1,"minecraft:yellow_stained_glass":2,"minecraft:redstone":16,"minecraft:slime_block":4,"minecraft:gold_block":1,"minecraft:white_concrete":25,"minecraft:milk_bucket":1,"minecraft:deepslate":27},"minecraft:custom":{"minecraft:time_since_rest":30661,"minecraft:crouch_one_cm":4415,"minecraft:sprint_one_cm":363961,"minecraft:play_time":30661,"minecraft:walk_one_cm":482894,"minecraft:sneak_time":776,"minecraft:walk_under_water_one_cm":22,"minecraft:drop":1,"minecraft:jump":112,"minecraft:leave_game":9,"minecraft:time_since_death":30661,"minecraft:walk_on_water_one_cm":2880,"minecraft:total_world_time":31008,"minecraft:fly_one_cm":973554}},"DataVersion":3120}