{"stats":{"minecraft:killed_by":{"minecraft:player":2},"minecraft:picked_up":{"project_:custom_helmet":1,"project_:custom_leggings":1,"project_:custom_boots":1,"project_:custom_chestplate":1},"minecraft:custom":{"minecraft:jump":98,"minecraft:damage_dealt":247,"minecraft:time_since_rest":30218,"minecraft:damage_taken":616,"minecraft:leave_game":6,"minecraft:time_since_death":29753,"minecraft:crouch_one_cm":1218,"minecraft:play_time":36315,"minecraft:sprint_one_cm":19787,"minecraft:walk_one_cm":68548,"minecraft:deaths":3,"minecraft:total_world_time":36315,"minecraft:sneak_time":712,"minecraft:climb_one_cm":1640,"minecraft:fall_one_cm":2965,"minecraft:fly_one_cm":55429,"minecraft:player_kills":1}},"DataVersion":3120}