{"stats":{"minecraft:picked_up":{"minecraft:ladder":1},"minecraft:custom":{"minecraft:jump":105,"minecraft:time_since_rest":1428,"minecraft:leave_game":4,"minecraft:play_time":37711,"minecraft:sprint_one_cm":8125,"minecraft:walk_one_cm":84402,"minecraft:time_since_death":36802,"minecraft:deaths":1,"minecraft:sleep_in_bed":4,"minecraft:total_world_time":1567,"minecraft:climb_one_cm":632,"minecraft:fly_one_cm":127644},"minecraft:used":{"minecraft:ladder":37,"minecraft:red_sandstone_slab":239}},"DataVersion":3120}