{
  "_fv": 34,
  "_type": "fluid",
  "definition": {
    "name": "Invi",
    "bucketName": "Invi Bucket",
    "textureStill": "start",
    "textureFlowing": "start",
    "tintType": "No tint",
    "canMultiply": true,
    "flowRate": 5,
    "levelDecrease": 1,
    "slopeFindDistance": 4,
    "spawnParticles": false,
    "dripParticle": {
      "value": "EXPLOSION_NORMAL"
    },
    "flowStrength": 1.0,
    "luminosity": 0,
    "density": 110,
    "viscosity": 1000,
    "temperature": 700,
    "type": "LAVA",
    "generateBucket": true,
    "textureBucket": "",
    "creativeTab": {
      "value": "MISC"
    },
    "emptySound": {
      "value": ""
    },
    "rarity": "COMMON",
    "specialInfo": [],
    "resistance": 100.0,
    "luminance": 0,
    "lightOpacity": 0,
    "emissiveRendering": false,
    "tickRate": 10,
    "flammability": 0,
    "fireSpreadSpeed": 0,
    "colorOnMap": "DEFAULT",
    "frequencyOnChunks": 5,
    "spawnWorldTypes": [
      "Surface"
    ],
    "restrictionBiomes": [],
    "onBlockAdded": {
      "name": "InviBlockAdded"
    },
    "onEntityCollides": {
      "name": "InviMobplayerCollidesBlock"
    }
  }
}